{"format": "layers-model", "generatedBy": "keras v2.11.0", "convertedBy": "TensorFlow.js Converter v4.3.0", "modelTopology": {"keras_version": "2.11.0", "backend": "tensorflow", "model_config": {"class_name": "Functional", "config": {"name": "model_1", "layers": [{"class_name": "InputLayer", "config": {"batch_input_shape": [null, 200, 200, 3], "dtype": "float32", "sparse": false, "ragged": false, "name": "input_3"}, "name": "input_3", "inbound_nodes": []}, {"class_name": "InputLayer", "config": {"batch_input_shape": [null, 90], "dtype": "float32", "sparse": false, "ragged": false, "name": "input_4"}, "name": "input_4", "inbound_nodes": []}, {"class_name": "Sequential", "config": {"name": "sequential_2", "layers": [{"class_name": "InputLayer", "config": {"batch_input_shape": [null, 200, 200, 3], "dtype": "float32", "sparse": false, "ragged": false, "name": "conv2d_6_input"}}, {"class_name": "Conv2D", "config": {"name": "conv2d_6", "trainable": true, "dtype": "float32", "batch_input_shape": [null, 200, 200, 3], "filters": 32, "kernel_size": [3, 3], "strides": [1, 1], "padding": "valid", "data_format": "channels_last", "dilation_rate": [1, 1], "groups": 1, "activation": "relu", "use_bias": true, "kernel_initializer": {"class_name": "GlorotUniform", "config": {"seed": null}}, "bias_initializer": {"class_name": "Zeros", "config": {}}, "kernel_regularizer": null, "bias_regularizer": null, "activity_regularizer": null, "kernel_constraint": null, "bias_constraint": null}}, {"class_name": "Conv2D", "config": {"name": "conv2d_7", "trainable": true, "dtype": "float32", "filters": 32, "kernel_size": [3, 3], "strides": [1, 1], "padding": "valid", "data_format": "channels_last", "dilation_rate": [1, 1], "groups": 1, "activation": "relu", "use_bias": true, "kernel_initializer": {"class_name": "GlorotUniform", "config": {"seed": null}}, "bias_initializer": {"class_name": "Zeros", "config": {}}, "kernel_regularizer": null, "bias_regularizer": null, "activity_regularizer": null, "kernel_constraint": null, "bias_constraint": null}}, {"class_name": "BatchNormalization", "config": {"name": "batch_normalization_1", "trainable": true, "dtype": "float32", "axis": [3], "momentum": 0.99, "epsilon": 0.001, "center": true, "scale": true, "beta_initializer": {"class_name": "Zeros", "config": {}}, "gamma_initializer": {"class_name": "Ones", "config": {}}, "moving_mean_initializer": {"class_name": "Zeros", "config": {}}, "moving_variance_initializer": {"class_name": "Ones", "config": {}}, "beta_regularizer": null, "gamma_regularizer": null, "beta_constraint": null, "gamma_constraint": null}}, {"class_name": "MaxPooling2D", "config": {"name": "max_pooling2d_3", "trainable": true, "dtype": "float32", "pool_size": [2, 2], "padding": "valid", "strides": [2, 2], "data_format": "channels_last"}}, {"class_name": "Dropout", "config": {"name": "dropout_5", "trainable": true, "dtype": "float32", "rate": 0.25, "noise_shape": null, "seed": null}}, {"class_name": "Conv2D", "config": {"name": "conv2d_8", "trainable": true, "dtype": "float32", "filters": 64, "kernel_size": [3, 3], "strides": [1, 1], "padding": "valid", "data_format": "channels_last", "dilation_rate": [1, 1], "groups": 1, "activation": "relu", "use_bias": true, "kernel_initializer": {"class_name": "GlorotUniform", "config": {"seed": null}}, "bias_initializer": {"class_name": "Zeros", "config": {}}, "kernel_regularizer": null, "bias_regularizer": null, "activity_regularizer": null, "kernel_constraint": null, "bias_constraint": null}}, {"class_name": "Conv2D", "config": {"name": "conv2d_9", "trainable": true, "dtype": "float32", "filters": 64, "kernel_size": [3, 3], "strides": [1, 1], "padding": "valid", "data_format": "channels_last", "dilation_rate": [1, 1], "groups": 1, "activation": "relu", "use_bias": true, "kernel_initializer": {"class_name": "GlorotUniform", "config": {"seed": null}}, "bias_initializer": {"class_name": "Zeros", "config": {}}, "kernel_regularizer": null, "bias_regularizer": null, "activity_regularizer": null, "kernel_constraint": null, "bias_constraint": null}}, {"class_name": "MaxPooling2D", "config": {"name": "max_pooling2d_4", "trainable": true, "dtype": "float32", "pool_size": [2, 2], "padding": "valid", "strides": [2, 2], "data_format": "channels_last"}}, {"class_name": "Dropout", "config": {"name": "dropout_6", "trainable": true, "dtype": "float32", "rate": 0.25, "noise_shape": null, "seed": null}}, {"class_name": "Conv2D", "config": {"name": "conv2d_10", "trainable": true, "dtype": "float32", "filters": 64, "kernel_size": [3, 3], "strides": [1, 1], "padding": "valid", "data_format": "channels_last", "dilation_rate": [1, 1], "groups": 1, "activation": "relu", "use_bias": true, "kernel_initializer": {"class_name": "GlorotUniform", "config": {"seed": null}}, "bias_initializer": {"class_name": "Zeros", "config": {}}, "kernel_regularizer": null, "bias_regularizer": null, "activity_regularizer": null, "kernel_constraint": null, "bias_constraint": null}}, {"class_name": "Conv2D", "config": {"name": "conv2d_11", "trainable": true, "dtype": "float32", "filters": 64, "kernel_size": [3, 3], "strides": [1, 1], "padding": "valid", "data_format": "channels_last", "dilation_rate": [1, 1], "groups": 1, "activation": "relu", "use_bias": true, "kernel_initializer": {"class_name": "GlorotUniform", "config": {"seed": null}}, "bias_initializer": {"class_name": "Zeros", "config": {}}, "kernel_regularizer": null, "bias_regularizer": null, "activity_regularizer": null, "kernel_constraint": null, "bias_constraint": null}}, {"class_name": "MaxPooling2D", "config": {"name": "max_pooling2d_5", "trainable": true, "dtype": "float32", "pool_size": [2, 2], "padding": "valid", "strides": [2, 2], "data_format": "channels_last"}}, {"class_name": "Dropout", "config": {"name": "dropout_7", "trainable": true, "dtype": "float32", "rate": 0.25, "noise_shape": null, "seed": null}}, {"class_name": "Flatten", "config": {"name": "flatten_1", "trainable": true, "dtype": "float32", "data_format": "channels_last"}}, {"class_name": "Dense", "config": {"name": "dense_3", "trainable": true, "dtype": "float32", "units": 256, "activation": "relu", "use_bias": true, "kernel_initializer": {"class_name": "GlorotUniform", "config": {"seed": null}}, "bias_initializer": {"class_name": "Zeros", "config": {}}, "kernel_regularizer": null, "bias_regularizer": null, "activity_regularizer": null, "kernel_constraint": null, "bias_constraint": null}}, {"class_name": "Dropout", "config": {"name": "dropout_8", "trainable": true, "dtype": "float32", "rate": 0.3, "noise_shape": null, "seed": null}}, {"class_name": "Dense", "config": {"name": "dense_4", "trainable": true, "dtype": "float32", "units": 128, "activation": "relu", "use_bias": true, "kernel_initializer": {"class_name": "GlorotUniform", "config": {"seed": null}}, "bias_initializer": {"class_name": "Zeros", "config": {}}, "kernel_regularizer": null, "bias_regularizer": null, "activity_regularizer": null, "kernel_constraint": null, "bias_constraint": null}}, {"class_name": "Dropout", "config": {"name": "dropout_9", "trainable": true, "dtype": "float32", "rate": 0.3, "noise_shape": null, "seed": null}}, {"class_name": "RepeatVector", "config": {"name": "repeat_vector_1", "trainable": true, "dtype": "float32", "n": 90}}]}, "name": "sequential_2", "inbound_nodes": [[["input_3", 0, 0, {}]]]}, {"class_name": "Sequential", "config": {"name": "sequential_3", "layers": [{"class_name": "InputLayer", "config": {"batch_input_shape": [null, null], "dtype": "float32", "sparse": false, "ragged": false, "name": "embedding_1_input"}}, {"class_name": "Embedding", "config": {"name": "embedding_1", "trainable": true, "dtype": "float32", "batch_input_shape": [null, null], "input_dim": 14, "output_dim": 256, "embeddings_initializer": {"class_name": "RandomUniform", "config": {"minval": -0.05, "maxval": 0.05, "seed": null}}, "embeddings_regularizer": null, "activity_regularizer": null, "embeddings_constraint": null, "mask_zero": true, "input_length": null}}, {"class_name": "LSTM", "config": {"name": "lstm_4", "trainable": true, "dtype": "float32", "return_sequences": true, "return_state": false, "go_backwards": false, "stateful": false, "unroll": false, "time_major": false, "units": 64, "activation": "tanh", "recurrent_activation": "sigmoid", "use_bias": true, "kernel_initializer": {"class_name": "GlorotUniform", "config": {"seed": null}, "shared_object_id": 46}, "recurrent_initializer": {"class_name": "Orthogonal", "config": {"gain": 1.0, "seed": null}, "shared_object_id": 47}, "bias_initializer": {"class_name": "Zeros", "config": {}, "shared_object_id": 48}, "unit_forget_bias": true, "kernel_regularizer": null, "recurrent_regularizer": null, "bias_regularizer": null, "activity_regularizer": null, "kernel_constraint": null, "recurrent_constraint": null, "bias_constraint": null, "dropout": 0.0, "recurrent_dropout": 0.0, "implementation": 2}}, {"class_name": "Dropout", "config": {"name": "dropout_10", "trainable": true, "dtype": "float32", "rate": 0.3, "noise_shape": null, "seed": null}}, {"class_name": "LSTM", "config": {"name": "lstm_5", "trainable": true, "dtype": "float32", "return_sequences": true, "return_state": false, "go_backwards": false, "stateful": false, "unroll": false, "time_major": false, "units": 64, "activation": "tanh", "recurrent_activation": "sigmoid", "use_bias": true, "kernel_initializer": {"class_name": "GlorotUniform", "config": {"seed": null}, "shared_object_id": 52}, "recurrent_initializer": {"class_name": "Orthogonal", "config": {"gain": 1.0, "seed": null}, "shared_object_id": 53}, "bias_initializer": {"class_name": "Zeros", "config": {}, "shared_object_id": 54}, "unit_forget_bias": true, "kernel_regularizer": null, "recurrent_regularizer": null, "bias_regularizer": null, "activity_regularizer": null, "kernel_constraint": null, "recurrent_constraint": null, "bias_constraint": null, "dropout": 0.0, "recurrent_dropout": 0.0, "implementation": 2}}]}, "name": "sequential_3", "inbound_nodes": [[["input_4", 0, 0, {}]]]}, {"class_name": "Concatenate", "config": {"name": "concatenate_1", "trainable": true, "dtype": "float32", "axis": -1}, "name": "concatenate_1", "inbound_nodes": [[["sequential_2", 1, 0, {}], ["sequential_3", 1, 0, {}]]]}, {"class_name": "LSTM", "config": {"name": "lstm_6", "trainable": true, "dtype": "float32", "return_sequences": true, "return_state": false, "go_backwards": false, "stateful": false, "unroll": false, "time_major": false, "units": 128, "activation": "tanh", "recurrent_activation": "sigmoid", "use_bias": true, "kernel_initializer": {"class_name": "GlorotUniform", "config": {"seed": null}, "shared_object_id": 59}, "recurrent_initializer": {"class_name": "Orthogonal", "config": {"gain": 1.0, "seed": null}, "shared_object_id": 60}, "bias_initializer": {"class_name": "Zeros", "config": {}, "shared_object_id": 61}, "unit_forget_bias": true, "kernel_regularizer": null, "recurrent_regularizer": null, "bias_regularizer": null, "activity_regularizer": null, "kernel_constraint": null, "recurrent_constraint": null, "bias_constraint": null, "dropout": 0.0, "recurrent_dropout": 0.0, "implementation": 2}, "name": "lstm_6", "inbound_nodes": [[["concatenate_1", 0, 0, {}]]]}, {"class_name": "LSTM", "config": {"name": "lstm_7", "trainable": true, "dtype": "float32", "return_sequences": false, "return_state": false, "go_backwards": false, "stateful": false, "unroll": false, "time_major": false, "units": 128, "activation": "tanh", "recurrent_activation": "sigmoid", "use_bias": true, "kernel_initializer": {"class_name": "GlorotUniform", "config": {"seed": null}, "shared_object_id": 64}, "recurrent_initializer": {"class_name": "Orthogonal", "config": {"gain": 1.0, "seed": null}, "shared_object_id": 65}, "bias_initializer": {"class_name": "Zeros", "config": {}, "shared_object_id": 66}, "unit_forget_bias": true, "kernel_regularizer": null, "recurrent_regularizer": null, "bias_regularizer": null, "activity_regularizer": null, "kernel_constraint": null, "recurrent_constraint": null, "bias_constraint": null, "dropout": 0.0, "recurrent_dropout": 0.0, "implementation": 2}, "name": "lstm_7", "inbound_nodes": [[["lstm_6", 0, 0, {}]]]}, {"class_name": "Dense", "config": {"name": "dense_5", "trainable": true, "dtype": "float32", "units": 14, "activation": "softmax", "use_bias": true, "kernel_initializer": {"class_name": "GlorotUniform", "config": {"seed": null}}, "bias_initializer": {"class_name": "Zeros", "config": {}}, "kernel_regularizer": null, "bias_regularizer": null, "activity_regularizer": null, "kernel_constraint": null, "bias_constraint": null}, "name": "dense_5", "inbound_nodes": [[["lstm_7", 0, 0, {}]]]}], "input_layers": [["input_3", 0, 0], ["input_4", 0, 0]], "output_layers": [["dense_5", 0, 0]]}}, "training_config": {"loss": "categorical_crossentropy", "metrics": [[{"class_name": "MeanMetricWrapper", "config": {"name": "accuracy", "dtype": "float32", "fn": "categorical_accuracy"}}]], "weighted_metrics": null, "loss_weights": null, "optimizer_config": {"class_name": "RMSprop", "config": {"name": "RMSprop", "clipvalue": 1.0, "learning_rate": 0.0003000000142492354, "decay": 0.0, "rho": 0.8999999761581421, "momentum": 0.0, "epsilon": 1e-07, "centered": false}}}}, "weightsManifest": [{"paths": ["group1-shard1of8.bin", "group1-shard2of8.bin", "group1-shard3of8.bin", "group1-shard4of8.bin", "group1-shard5of8.bin", "group1-shard6of8.bin", "group1-shard7of8.bin", "group1-shard8of8.bin"], "weights": [{"name": "dense_5/kernel", "shape": [128, 14], "dtype": "float32"}, {"name": "dense_5/bias", "shape": [14], "dtype": "float32"}, {"name": "lstm_6/lstm_cell_2/kernel", "shape": [192, 512], "dtype": "float32"}, {"name": "lstm_6/lstm_cell_2/recurrent_kernel", "shape": [128, 512], "dtype": "float32"}, {"name": "lstm_6/lstm_cell_2/bias", "shape": [512], "dtype": "float32"}, {"name": "lstm_7/lstm_cell_3/kernel", "shape": [128, 512], "dtype": "float32"}, {"name": "lstm_7/lstm_cell_3/recurrent_kernel", "shape": [128, 512], "dtype": "float32"}, {"name": "lstm_7/lstm_cell_3/bias", "shape": [512], "dtype": "float32"}, {"name": "conv2d_6/kernel", "shape": [3, 3, 3, 32], "dtype": "float32"}, {"name": "conv2d_6/bias", "shape": [32], "dtype": "float32"}, {"name": "conv2d_7/kernel", "shape": [3, 3, 32, 32], "dtype": "float32"}, {"name": "conv2d_7/bias", "shape": [32], "dtype": "float32"}, {"name": "batch_normalization_1/gamma", "shape": [32], "dtype": "float32"}, {"name": "batch_normalization_1/beta", "shape": [32], "dtype": "float32"}, {"name": "conv2d_8/kernel", "shape": [3, 3, 32, 64], "dtype": "float32"}, {"name": "conv2d_8/bias", "shape": [64], "dtype": "float32"}, {"name": "conv2d_9/kernel", "shape": [3, 3, 64, 64], "dtype": "float32"}, {"name": "conv2d_9/bias", "shape": [64], "dtype": "float32"}, {"name": "conv2d_10/kernel", "shape": [3, 3, 64, 64], "dtype": "float32"}, {"name": "conv2d_10/bias", "shape": [64], "dtype": "float32"}, {"name": "conv2d_11/kernel", "shape": [3, 3, 64, 64], "dtype": "float32"}, {"name": "conv2d_11/bias", "shape": [64], "dtype": "float32"}, {"name": "dense_3/kernel", "shape": [28224, 256], "dtype": "float32"}, {"name": "dense_3/bias", "shape": [256], "dtype": "float32"}, {"name": "dense_4/kernel", "shape": [256, 128], "dtype": "float32"}, {"name": "dense_4/bias", "shape": [128], "dtype": "float32"}, {"name": "batch_normalization_1/moving_mean", "shape": [32], "dtype": "float32"}, {"name": "batch_normalization_1/moving_variance", "shape": [32], "dtype": "float32"}, {"name": "embedding_1/embeddings", "shape": [14, 256], "dtype": "float32"}, {"name": "lstm_4/lstm_cell/kernel", "shape": [256, 256], "dtype": "float32"}, {"name": "lstm_4/lstm_cell/recurrent_kernel", "shape": [64, 256], "dtype": "float32"}, {"name": "lstm_4/lstm_cell/bias", "shape": [256], "dtype": "float32"}, {"name": "lstm_5/lstm_cell_1/kernel", "shape": [64, 256], "dtype": "float32"}, {"name": "lstm_5/lstm_cell_1/recurrent_kernel", "shape": [64, 256], "dtype": "float32"}, {"name": "lstm_5/lstm_cell_1/bias", "shape": [256], "dtype": "float32"}]}]}